{
	"info": {
		"_postman_id": "f49a7fc3-014e-4fe5-a9d3-0d321e4d0e95",
		"name": "provaerp",
		"schema": "https://schema.getpostman.com/json/collection/v2.1.0/collection.json",
		"_exporter_id": "2858478"
	},
	"item": [
		{
			"name": "localhost:8080/produtos/listar",
			"request": {
				"method": "GET",
				"header": [],
				"url": {
					"raw": "localhost:8080/produtos",
					"host": [
						"localhost"
					],
					"port": "8080",
					"path": [
						"produtos"
					]
				}
			},
			"response": []
		},
		{
			"name": "localhost:8080/produtos/create",
			"request": {
				"method": "POST",
				"header": [],
				"body": {
					"mode": "raw",
					"raw": "  {\r\n        \"nome\": \"Dolce Gusto\",\r\n        \"descricao\": \"Excelente máquina de café\",\r\n        \"preco\": 300.00,\r\n        \"qtdeEstoque\": 5,\r\n        \"tipo\": \"PRODUTO\",\r\n        \"situacao\" : \"TRUE\"\r\n    }",
					"options": {
						"raw": {
							"language": "json"
						}
					}
				},
				"url": {
					"raw": "localhost:8080/produtos",
					"host": [
						"localhost"
					],
					"port": "8080",
					"path": [
						"produtos"
					]
				}
			},
			"response": []
		},
		{
			"name": "localhost:8080/produtos/update",
			"request": {
				"method": "PUT",
				"header": [],
				"body": {
					"mode": "raw",
					"raw": "  {\r\n        \"nome\": \"Notebook DELL\",\r\n        \"descricao\": \"Última geração top da galaxia\",\r\n        \"preco\": 5000.00,\r\n        \"qtdeEstoque\": 5,\r\n        \"tipo\": \"PRODUTO\",\r\n        \"situacao\" : \"TRUE\"\r\n    }",
					"options": {
						"raw": {
							"language": "json"
						}
					}
				},
				"url": {
					"raw": "localhost:8080/produtos/1",
					"host": [
						"localhost"
					],
					"port": "8080",
					"path": [
						"produtos",
						"1"
					]
				}
			},
			"response": []
		},
		{
			"name": "localhost:8080/produtos/delete",
			"request": {
				"method": "DELETE",
				"header": [],
				"body": {
					"mode": "raw",
					"raw": "  {\r\n        \"nome\": \"Notebook DELL\",\r\n        \"descricao\": \"Última geração top da galaxia\",\r\n        \"preco\": 5000.00,\r\n        \"qtdeEstoque\": 5,\r\n        \"tipo\": \"PRODUTO\"\r\n    }",
					"options": {
						"raw": {
							"language": "json"
						}
					}
				},
				"url": {
					"raw": "localhost:8080/produtos/6",
					"host": [
						"localhost"
					],
					"port": "8080",
					"path": [
						"produtos",
						"6"
					]
				}
			},
			"response": []
		},
		{
			"name": "localhost:8080/pedidos/id",
			"request": {
				"method": "GET",
				"header": [],
				"url": {
					"raw": "localhost:8080/pedidos/1",
					"host": [
						"localhost"
					],
					"port": "8080",
					"path": [
						"pedidos",
						"1"
					]
				}
			},
			"response": []
		},
		{
			"name": "localhost:8080/pedidos/create",
			"request": {
				"method": "POST",
				"header": [],
				"body": {
					"mode": "raw",
					"raw": "{\r\n    \"dataPedido\": \"2022-06-13\",\r\n    \"desconto\": 0.0,\r\n    \"situacao\": true,\r\n    \"itens\": [\r\n        {\r\n            \"quantidade\": 1,\r\n            \"produto\": {\r\n                \"id\": 3\r\n        }\r\n        }\r\n    ]\r\n}",
					"options": {
						"raw": {
							"language": "json"
						}
					}
				},
				"url": {
					"raw": "localhost:8080/pedidos",
					"host": [
						"localhost"
					],
					"port": "8080",
					"path": [
						"pedidos"
					]
				}
			},
			"response": []
		}
	]
}